replan_step,iter,num_disks,min_sd_seed
0,1000,135,8.13064
6,1000,135,2.87544
12,1000,135,2.29068
18,1000,135,2.10473
24,1000,135,4.73718
30,1000,135,5.06817
36,1000,135,6.74903
42,1000,135,7.09937
48,1000,135,5.59268
54,1000,135,6.6546
60,1000,135,5.75238
66,1000,135,6.1026
72,1000,135,6.09912
78,1000,135,5.87348
84,1000,135,5.61291
