replan_step,iter,num_disks,min_sd_seed
0,1000,135,4.95683
6,1000,135,1.64102
12,1000,135,0.798618
18,1000,135,2.12769
24,1000,135,1.83426
30,1000,135,0.867689
36,1000,135,0.149559
42,1000,135,0.457041
48,1000,135,0.00830969
54,1000,135,0.169353
60,1000,135,0.727797
66,1000,135,0.876581
72,1000,135,1.87581
78,1000,135,2.28883
84,1000,135,2.62893
