k,x1,x2,x3,x4,u1,u2,signed_dist,seg_signed_dist,iter
0,-10,0,0,0,0,0,2.00007,2.00007,0
1,-8.5,-8.6548e-205,3,-1.73096e-204,3,-1.73096e-204,0.506023,0.506023,1000
2,-4.82484,-1.4705e-204,4.35031,5.20919e-205,1.35031,2.25188e-204,0.793948,-0.986066,1000
3,-1.46587,-8.33776e-205,2.36764,7.52531e-205,-1.98268,2.31612e-205,1.80717,0.520023,1000
4,0.0575188,-2.52951e-205,0.679137,4.0912e-205,-1.6885,-3.43412e-205,3.13314,1.76607,1000
5,0.368931,1.01944e-206,-0.0563139,1.17171e-205,-0.735451,-2.91949e-205,3.39604,3.10132,1000
6,0.244944,6.38508e-206,-0.191659,-9.85804e-207,-0.135345,-1.27029e-205,3.24659,3.24659,1000
7,0.0884547,4.23387e-206,-0.12132,-3.31661e-206,0.0703385,-2.3308e-206,3.0661,3.0661,1000
8,0.00688999,1.52713e-206,-0.0418092,-2.09688e-206,0.0795111,1.21973e-206,2.95986,2.95986,1000
